case_id,layer,requirement_id,rust_tests,note
UT-001,UT,FR-002,resource::tests::resource_node_round_trips,
UT-002,UT,FR-002,id::tests::derive_is_stable_for_identical_inputs;id::tests::parse_round_trips,
UT-003,UT,FR-004,graph::tests::relations_are_deduplicated_and_bidirectional,
UT-004,UT,FR-040,uri::tests::root_uri_round_trips;uri::tests::nested_uri_round_trips,
UT-005,UT,FR-040,path::tests::rejects_every_traversal_form;confinement::tests::confine_rejects_traversal_relative,
UT-006,UT,NFR-S05,uri::tests::percent_decoded_traversal_is_rejected;uri::tests::percent_encoded_separator_is_still_a_separator,
UT-007,UT,FR-043,manifest::tests::package_hash_is_blake3_of_bytes,
UT-008,UT,FR-044,cas::tests::identical_content_reuses_the_object,
UT-009,UT,FR-044,cas::tests::no_temp_files_survive_a_successful_put;cas::tests::corrupt_object_fails_verification,
UT-010,UT,FR-050,manifest::tests::accepts_valid_plugin_manifest;manifest::tests::cross_checks_shipped_plugin_schema,
UT-011,UT,FR-050,manifest::tests::rejects_unknown_field;manifest::tests::rejects_unknown_schema_version,
UT-012,UT,FR-051,engine::tests::nothing_is_granted_by_default;capability::tests::empty_set_denies_everything,
UT-013,UT,FR-051,engine::tests::scoped_grant_applies_to_resource_within_scope_only;capability::tests::unscoped_grant_covers_any_scope,
UT-014,UT,FR-051,capability::tests::scope_does_not_cross_component_boundary;capability::tests::scoped_grant_never_covers_unscoped_request,
UT-015,UT,FR-052,hot_swap::tests::prepare_failure_never_reaches_accept_or_the_route;route::tests::routes_are_per_plugin,
UT-016,UT,FR-052,hot_swap::tests::install_of_an_unhealthy_provider_routes_nothing;hot_swap::tests::init_failure_keeps_the_old_generation_serving,
UT-017,UT,FR-052,hot_swap::tests::state_schema_downgrade_is_refused_before_any_migration;hot_swap::tests::equal_state_schema_is_accepted,
UT-018,UT,FR-054,wit::tests::rejects_component_from_wrong_package;wit::tests::parses_and_accepts_known_world;provider_binding::;worker_loading::;daemon_install::;worker_protocol::;worker_proto::tests::;loopback::tests::;packages::tests::;loader::tests::;engine::tests::every_fixture_is_a_real_component;engine::tests::the_valid_fixture_compiles,
UT-019,UT,FR-063,router::tests::slow_subscriber_does_not_grow_without_bound;router::tests::dropping_a_subscription_unregisters_it,
UT-020,UT,FR-064,redact::tests::key_value_secrets_are_masked;redact::tests::bearer_headers_are_masked;redact::tests::pem_private_keys_are_removed,
UT-021,UT,FR-066,tests::the_diagnostics_bundle_is_redacted_and_deterministic;redact::tests::url_userinfo_is_masked,
UT-022,UT,NFR-A02,tests::the_grace_period_delays_removal_and_then_allows_it;tests::a_long_grace_period_never_removes,
UT-023,UT,FR-023,operation::tests::operation_state_wire_round_trip;operation::tests::terminal_states_close_the_job,
UT-024,UT,FR-023,scheduler::tests::deadline_overrun_becomes_a_typed_error,
UT-025,UT,FR-023,,GAP: no cancellation test exists anywhere in the workspace. OperationState::Cancelled is declared and serialised, but nothing drives an operation into it. Needs a new test.
UT-026,UT,FR-001,tests::a_provider_with_an_endless_cursor_is_cut_off,
UT-027,UT,NFR-A01,tests::a_provider_failure_is_recorded_and_returned_not_swallowed;tests::shutdown_releases_every_provider,
UT-028,UT,FR-061,normalize::tests::capabilities_track_state_and_never_expose_unavailable_actions,
UT-029,UT,FR-020,endpoint::tests::invalid_port_and_empty_host_are_distinguished;endpoint::tests::malformed_endpoints_are_rejected,
UT-030,UT,NFR-S04,endpoint::tests::cleartext_tcp_is_rejected_not_downgraded;endpoint::tests::https_endpoint_is_accepted_and_marked_tls,
UT-031,UT,FR-030,normalize::tests::compose_attribution_requires_both_labels;project::tests::compose_labels_are_read_from_metadata_alone,
UT-032,UT,FR-022,normalize::tests::container_normalization_emits_expected_fields_and_relations;normalize::tests::container_state_mapping_covers_docker_vocabulary,
UT-033,UT,FR-026,normalize::tests::image_prefers_digest_for_identity;normalize::tests::image_without_digest_falls_back_to_id_and_is_not_running,
UT-034,UT,FR-041,named_volume_mounts_become_edges_and_bind_mounts_become_metadata,GAP: no test builds a Docker mount relation. normalize.rs has no mount test; the only workspace_mount test is the VFS mount table, which is a different requirement.
UT-035,UT,NFR-M01,db::tests::migrate_is_idempotent;db::tests::open_in_memory_applies_the_schema,
UT-036,UT,NFR-M01,db::tests::a_newer_database_is_refused_rather_than_downgraded;db::tests::transaction_rolls_back_on_error,
UT-037,UT,FR-064,event::tests::event_carries_correlation_and_resource;audit::tests::failure_record_carries_error_code;audit::tests::success_record_is_redacted,
UT-038,UT,FR-053,manifest::tests::app_manifest_rejects_empty_plugin_list;manifest::tests::app_manifest_rejects_duplicate_cluster_ids,
UT-039,UT,FR-053,manifest::tests::app_manifest_round_trips_json;manifest::tests::app_manifest_parses_reference_toml,
UT-040,UT,NFR-E03,verify::tests::license_outside_the_allow_list_is_rejected;verify::tests::empty_license_allow_list_defers_to_release_gating,
UT-041,UT,FR-003,graph::tests::tree_is_ordered_and_filtered_by_node_not_hoisted;graph::tests::children_are_deterministically_ordered,
UT-042,UT,NFR-O02,the_microkernel_crates_declare_no_provider_sdk;the_microkernel_crates_reach_no_provider_crate;only_test_targets_depend_on_the_mock_crates,GAP: the kernel-closure dependency rule is stated in AGENTS.md but no test enforces it. A cargo-metadata based check is needed.
UT-043,UT,NFR-O03,every_must_row_in_the_technology_baseline_is_rust_facing;relation_kinds_are_all_representable_in_the_frozen_model,GAP: no test reads schemas/technology_baseline.csv and checks that every MUST row is Rust/Rust-facing.
UT-044,UT,NFR-O04,the_daemon_starts_on_a_machine_with_no_runtimes_installed;every_built_in_world_loads_and_declares_what_it_promises,
UT-045,UT,FR-071,strategy::tests::native_wins_when_offered;strategy::tests::probe_is_used_when_native_is_absent;strategy::tests::fallback_plan_moves_down_the_chain,
UT-046,UT,FR-076,tests::trust_ladder_orders_host_above_guest;tests::trust_never_escalates_when_merged,
UT-047,UT,FR-080,trust::tests::freshness_uses_per_domain_limits;trust::tests::stale_snapshot_is_rejected_before_trust_is_even_considered;tests::hash_state_ladder,
UT-048,UT,NFR-S08,envelope::tests::an_oversized_payload_is_refused;envelope::tests::excessive_nesting_is_refused,
UT-049,UT,FR-077,service::tests::metadata_only_is_flagged_in_the_snapshot;service::tests::oversized_domain_payload_is_marked_partial,
UT-050,UT,FR-075,a_snapshot_carries_only_the_declared_dto_fields;a_snapshot_round_trips_through_json,
IT-001,IT,FR-020,provider::tests::construction_needs_no_daemon;endpoint::tests::parses_default_named_pipe_and_unix_socket,Machine-checkable part only: endpoint parsing and daemon-free construction. Live handshake needs a real daemon.
IT-002,IT,FR-021,provider::tests::runtime_node_omits_api_version_when_not_negotiated,,Negotiation against a live engine is not exercised offline.
IT-003,IT,FR-022,pagination_delivers_every_resource_exactly_once;discover_pages_until_the_cursor_runs_out,
IT-004,IT,FR-023,a_resource_declared_capability_set_is_a_ceiling;both_shapes_of_operation_failure_are_reproduced,
IT-005,IT,FR-024,,GAP: no cancellation test exists. Log follow cancel (FR-024) has no executable coverage at all.
IT-006,IT,FR-025,exec_returns_the_scripted_outcome;exec_output_is_capped_and_the_truncation_is_reported;exec_rules_match_exact_argv_and_may_be_scoped_to_a_resource,
IT-007,IT,FR-026,normalize::tests::image_prefers_digest_for_identity,
IT-008,IT,FR-027,,GAP: no test covers in-use volume delete protection. provider.rs refuses prune outright but that is a different rule.
IT-009,IT,FR-028,normalize::tests::relations_are_deterministically_ordered;normalize::tests::network_falls_back_to_name_when_id_is_absent,
IT-010,IT,FR-029,resources::tests::upsert_reports_added_then_changed_then_quiet;tests::a_healthy_provider_that_stops_reporting_marks_resources_missing,
IT-011,IT,NFR-A02,a_runtime_outage_and_recovery_round_trips_cleanly,
IT-012,IT,FR-030,project::tests::a_node_without_compose_labels_is_not_compose;normalize::tests::compose_ids_are_stable_and_project_scoped,
IT-013,IT,FR-031,provider::tests::a_compose_file_argument_is_forwarded;provider::tests::compose_containers_are_extracted_from_discovered_nodes,
IT-014,IT,FR-031,provider::tests::a_failing_compose_cli_surfaces_its_exit_code;provider::tests::exec_fails_cleanly_when_the_product_is_absent,
IT-015,IT,FR-050,repo::tests::plugin_package_upsert_replaces_instead_of_conflicting;repo::tests::app_generations_are_immutable_and_single_active,
IT-016,IT,FR-051,tests::an_ungranted_capability_is_refused;an_ungranted_operation_never_reaches_the_provider,
IT-017,IT,FR-052,hot_swap_flow::a_failed_upgrade_never_takes_the_route_down;hot_swap::tests::rollback_after_swap_restores_the_previous_generation,
IT-018,IT,FR-052,hot_swap_flow::a_state_schema_downgrade_keeps_the_old_generation;hot_swap::tests::rollback_after_swap_restores_the_previous_generation,
IT-019,IT,FR-055,one_broken_provider_does_not_hide_a_healthy_one;tests::shutdown_releases_every_provider,
IT-020,IT,FR-040,read_returns_exactly_the_requested_window;read::tests::length_none_reads_to_end;read::tests::oversized_file_is_rejected_not_truncated,
IT-021,IT,FR-015,a_write_is_visible_to_a_later_read_and_stat;writing_to_a_read_only_directory_is_refused;a_write_whose_parent_does_not_exist_is_refused,
IT-022,IT,NFR-S05,a_write_through_an_escaping_symlink_is_refused_and_writes_nothing;a_symlink_out_of_the_workspace_root_is_refused;a_symlink_loop_is_refused_rather_than_followed_forever,
IT-023,IT,FR-044,repo::tests::snapshot_manifest_round_trips;cas::tests::put_and_get_round_trip,
IT-024,IT,FR-044,a_genuine_deletion_is_visible_before_it_is_applied;cas::tests::gc_keeps_referenced_and_grace_period_objects,
IT-025,IT,FR-017,definition::tests::parses_a_minimal_definition;health_reports_the_state_rather_than_failing_on_it,
IT-026,IT,FR-017,provider::tests::destructive_lifecycle_requires_confirmation_first;definition::tests::writable_mappings_are_limited_to_the_outbox,
IT-027,IT,FR-019,health_is_healthy_when_the_binary_answers;exec_fails_cleanly_when_the_product_is_absent;health_is_unavailable_when_the_binary_is_absent,
IT-028,IT,FR-019,confirmed_lifecycle_issues_the_expected_verb;lifecycle_verbs_match_the_cli_mapping;destructive_operations_require_confirmation_before_any_cli_call,
IT-029,IT,FR-063,router::tests::filter_matches_by_type_resource_and_severity;router::tests::publish_after_close_is_safe;event::tests::event_carries_correlation_and_resource,
IT-030,IT,FR-062,the_daemon_has_no_unrouted_methods;every_command_maps_to_a_declared_method;every_known_method_has_a_handler,
IT-031,IT,NFR-S03,repo::tests::docker_endpoint_rejects_embedded_credentials;a_credentialed_endpoint_profile_is_refused_by_the_store;redact::tests::url_userinfo_is_masked,
IT-032,IT,FR-066,tests::the_diagnostics_bundle_is_redacted_and_deterministic,
IT-033,IT,NFR-E04,verify::tests::license_outside_the_allow_list_is_rejected;error_codes::every_shipped_code_is_in_the_frozen_registry,
IT-034,IT,NFR-M01,db::tests::migrate_is_idempotent;ddl::the_shipped_ddl_applies_to_an_empty_database,
IT-035,IT,FR-001,one_broken_provider_does_not_hide_a_healthy_one;discover_merges_provider_resources;an_unavailable_provider_does_not_age_out_its_resources,
IT-036,IT,FR-010,discover_pages_until_the_cursor_runs_out;resources::tests::listing_filters_by_provider_and_state,
IT-037,IT,FR-012,provider::tests::runtime_node_never_leaks_the_credential_reference;normalize::tests::absent_fields_produce_no_metadata_key,
IT-038,IT,FR-018,tier::tests::;provider::tests::capabilities_are_reported_without_any_engine,
IT-039,IT,FR-032,provider::tests::compose_containers_are_extracted_from_discovered_nodes;cli::tests::a_compose_file_is_included_before_the_project_name,
IT-040,IT,FR-072,observation::tests::engine_data_is_provider_native_not_host_native;observation::tests::system_domain_reports_only_what_the_engine_sent,
IT-041,IT,NFR-S06,host_policy::tests::host_docker_socket_is_never_shareable;host_policy::tests::host_network_namespace_is_refused;host_policy::tests::privileged_containers_are_refused,
IT-042,IT,FR-073,parse::tests::collector_argv_uses_option_terminator_and_sorted_domains;observation::tests::exec_data_is_never_host_native,
IT-043,IT,FR-077,cli::tests::bounding_counts_characters_not_bytes;cli::tests::bounding_reports_truncation_explicitly,
IT-044,IT,FR-074,definition::tests::parses_a_minimal_definition;envelope::tests::a_well_formed_envelope_is_accepted;definition::tests::sandbox_capabilities_never_grant_a_shell,
IT-045,IT,NFR-S07,tests::publication_is_atomic_and_leaves_no_partial_json;tests::part_files_are_skipped_as_in_progress;tests::a_failed_publish_writes_no_json,
IT-046,IT,NFR-S08,envelope::tests::a_tampered_payload_fails_the_hash_check;envelope::tests::a_replayed_or_out_of_order_sequence_is_refused;envelope::tests::a_foreign_nonce_is_refused;envelope::tests::a_stale_or_future_timestamp_is_refused,
IT-047,IT,FR-079,an_unservable_requested_domain_degrades_the_snapshot;the_metadata_floor_stays_available_while_the_rich_mode_is_down;observation_plane::losing_observation_leaves_the_control_plane_intact,
IT-048,IT,FR-078,a_nested_engine_outage_marks_docker_partial_not_absent;normalize::tests::relations_are_deterministically_ordered,
IT-049,IT,NFR-E05,provider::tests::capabilities_are_reported_without_any_engine;provider::tests::health_is_unavailable_not_an_error_when_engine_is_unreachable,
ST-001,ST,FR-001,the_daemon_starts_on_a_machine_with_no_runtimes_installed;a_fresh_scan_reproduces_the_fixture_exactly;discover_merges_provider_resources,
ST-002,ST,NFR-P01,discovery_flow::a_two_hundred_resource_scan_is_fast,a_two_hundred_resource_scan_is_fast;the P95 bound itself is not measured offline.
ST-003,ST,NFR-P02,,GAP: no event-to-UI latency measurement exists. There is no UI layer in this repo.
ST-004,ST,NFR-P03,discovery_flow::a_two_hundred_resource_scan_is_fast;graph::tests::cycles_do_not_recurse_forever,Scale is exercised at 200 resources; 2000 is not.
ST-005,ST,FR-011,confirmed_lifecycle_issues_the_expected_verb;destructive_operations_require_confirmation_before_any_cli_call,
ST-006,ST,FR-022,discover_pages_until_the_cursor_runs_out;graph::tests::tree_is_ordered_and_filtered_by_node_not_hoisted,
ST-007,ST,FR-023,tests::a_forced_destructive_operation_reaches_the_provider;tests::a_destructive_operation_without_force_is_refused_before_dispatch;an_ungranted_operation_never_reaches_the_provider,
ST-008,ST,FR-024,,GAP: no log-volume test exists. FR-024 has no executable coverage.
ST-009,ST,FR-025,exec_returns_the_scripted_outcome;exec_output_is_capped_and_the_truncation_is_reported;exec_refuses_a_zero_budget_and_an_unscripted_command,
ST-010,ST,FR-026,normalize::tests::image_without_digest_falls_back_to_id_and_is_not_running;tests::a_provider_failure_is_recorded_and_returned_not_swallowed,
ST-011,ST,FR-030,provider::tests::compose_containers_are_extracted_from_discovered_nodes;normalize::tests::compose_attribution_requires_both_labels,
ST-012,ST,FR-040,uri::tests::nested_uri_round_trips;a_caller_cannot_express_a_traversal_at_all;workspace_uri::the_uri_scheme_is_stable,
ST-013,ST,FR-044,repo::tests::snapshot_manifest_round_trips;resources::tests::upsert_reports_added_then_changed_then_quiet,
ST-014,ST,FR-052,hot_swap_flow::a_failed_upgrade_never_takes_the_route_down;hot_swap::tests::drain_timeout_does_not_undo_a_healthy_swap;route::tests::swap_is_fast_enough_for_the_requirement,
ST-015,ST,NFR-A01,one_broken_provider_does_not_hide_a_healthy_one;an_unavailable_provider_does_not_age_out_its_resources;observation_trust_never_rises_across_an_outage,
ST-016,ST,NFR-A03,db::tests::interrupted_operations_are_recovered_on_startup;a_runtime_outage_and_recovery_round_trips_cleanly;db::tests::transaction_rolls_back_on_error;a_request_goes_out_over_the_wire_and_the_reply_comes_back;the_reply_echoes_the_request_id;an_unknown_method_is_answered_not_dropped;garbage_on_the_wire_is_an_answer_not_a_disconnect;a_connection_serves_a_sequence_and_reports_how_many;a_handler_failure_keeps_its_code_across_the_wire;a_client_that_hangs_up_immediately_is_not_a_serve_error,ADR-020 the request/response loop a restarted daemon depends on,
ST-017,ST,NFR-S01,provider::tests::construction_needs_no_daemon;the_daemon_starts_on_a_machine_with_no_runtimes_installed,Construction and bootstrap do no IO, which is the machine-checkable half of "no elevation required".;the_daemon_answers_a_client_over_a_real_pipe;one_connection_carries_several_requests;a_frame_travels_in_both_directions_over_a_real_pipe;consecutive_frames_stay_separate;connecting_to_a_pipe_nobody_created_fails_quickly;a_pipe_that_is_in_use_is_reported_as_taken;an_unused_pipe_is_reported_as_free;the_endpoint_is_released_between_sessions_which_is_a_known_gap,ADR-020 the per-user endpoint is real; G2 records that it is not yet exclusive,
ST-018,ST,NFR-S02,engine::tests::nothing_is_granted_by_default;engine::tests::explicit_deny_overrides_grant;engine::tests::declared_but_ungranted_is_denied_with_distinct_reason,
ST-019,ST,NFR-S04,endpoint::tests::cleartext_tcp_is_rejected_not_downgraded;host_policy::tests::host_docker_socket_is_never_shareable,
ST-020,ST,NFR-S05,path::tests::rejects_every_traversal_form;uri::tests::percent_decoded_traversal_is_rejected;confinement::tests::guest_reported_traversal_cannot_become_relative_path;a_write_through_an_escaping_symlink_is_refused_and_writes_nothing;uri::tests::rejects_malformed_percent_escapes,
ST-021,ST,NFR-S03,redact::tests::nested_secret_values_are_replaced_not_leaked;redact::tests::secret_key_detection_is_broad;repo::tests::docker_endpoint_rejects_embedded_credentials;no_fixture_carries_a_host_path_or_a_credential,
ST-022,ST,FR-066,tests::the_diagnostics_bundle_is_redacted_and_deterministic;event::tests::event_carries_correlation_and_resource,
ST-023,ST,NFR-M01,db::tests::migrate_is_idempotent;db::tests::a_newer_database_is_refused_rather_than_downgraded,
ST-024,ST,NFR-E03,verify::tests::license_outside_the_allow_list_is_rejected;error_codes::every_shipped_code_is_in_the_frozen_registry,scripts/license_gate.py covers this; it is a script gate not a cargo test.
ST-025,ST,NFR-E02,endpoint::tests::parses_default_named_pipe_and_unix_socket;endpoint::tests::https_endpoint_is_accepted_and_marked_tls;provider::tests::capabilities_are_reported_without_any_engine,
ST-026,ST,FR-060,,GAP: NFR/FR-060 UI cognitive load is not verifiable here. There is no UI layer; apps/desktop is not implemented.
ST-027,ST,FR-061,normalize::tests::capabilities_track_state_and_never_expose_unavailable_actions;the_fake_refuses_what_the_kernel_refuses,
ST-028,ST,FR-064,audit::tests::success_record_is_redacted;audit::tests::failure_record_carries_error_code;event::tests::event_carries_correlation_and_resource;a_mutation_with_no_daemon_is_refused_rather_than_applied;a_read_only_call_still_works_with_no_daemon;the_local_router_refuses_every_mutating_method;read_methods_still_work_without_a_daemon;the_refusal_names_the_method_and_is_not_retryable;every_method_is_classified_exactly_once;the_obvious_cases_are_classified_the_obvious_way;an_unknown_or_malformed_method_is_treated_as_mutating;recv_yields_the_body_not_the_framed_bytes;an_oversized_frame_is_refused_rather_than_buffered,ADR-020 a mutation with no daemon to record it is refused,
ST-029,ST,NFR-P04,route::tests::swap_is_fast_enough_for_the_requirement,
ST-030,ST,NFR-O01,event::tests::event_carries_correlation_and_resource;resource::tests::correlation_serializes_as_plain_string;tests::the_diagnostics_bundle_is_redacted_and_deterministic,
ST-031,ST,NFR-E01,db::tests::a_newer_database_is_refused_rather_than_downgraded;tests::the_default_data_dir_is_absolute_and_version_free,Only the data-dir and schema parts are machine-checkable; installation itself is not.
ST-032,ST,FR-070,the_whole_corpus_observes_deterministically;the_corpus_covers_every_mode_health_and_trust_rung;values_serialise_in_sorted_domain_order;warnings_are_deduplicated_and_stable,
ST-033,ST,NFR-P05,service::tests::oversized_domain_payload_is_marked_partial;service::tests::collects_then_serves_from_cache;service::tests::forced_request_bypasses_the_cache,The lazy-content discipline is verified; the overhead baseline number is not.
ST-034,ST,NFR-S08,envelope::tests::a_tampered_payload_fails_the_hash_check;envelope::tests::an_oversized_payload_is_refused;envelope::tests::excessive_nesting_is_refused;tests::malformed_bytes_are_reported_not_panicked,
ST-035,ST,FR-079,observation_plane::losing_observation_leaves_the_control_plane_intact;the_metadata_floor_stays_available_while_the_rich_mode_is_down;an_observation_failure_never_removes_the_resource,
ST-036,ST,NFR-S06,definition::tests::protected_host_locations_are_never_mappable;definition::tests::sandbox_capabilities_never_grant_a_shell;definition::tests::writable_mappings_are_limited_to_the_outbox;host_policy::tests::host_docker_socket_is_never_shareable,
ST-037,ST,FR-078,normalize::tests::relations_are_deterministically_ordered;resources::tests::relations_round_trip_and_filter_by_endpoint;observation::tests::nested_docker_is_advertised_only_when_the_guest_reports_one,
UAT-001,UAT,AC-01,graph::tests::tree_is_ordered_and_filtered_by_node_not_hoisted;graph::tests::orphan_nodes_are_listable_but_unrendered;graph::tests::children_are_deterministically_ordered;uat_001_the_tree_is_well_formed_and_deterministically_ordered,Machine-checkable: the tree is well-formed and deterministically ordered. "Clearly grouped" is a human judgement.
UAT-002,UAT,FR-011,confirmed_lifecycle_issues_the_expected_verb;lifecycle_verbs_match_the_cli_mapping;destructive_operations_require_confirmation_before_any_cli_call;uat_002_a_destructive_lifecycle_refuses_before_anything_else,Machine-checkable: the verbs and the confirmation. "Intuitive" is a human judgement.
UAT-003,UAT,FR-014,read_returns_exactly_the_requested_window;list_returns_one_level_of_metadata_and_never_a_body;workspace_uri::the_uri_scheme_is_stable;uat_003_workspace_browsing_is_canonical_and_windowed,Machine-checkable: canonical URI, windowed read, metadata-only listing. "Content visible" is a human judgement.
UAT-004,UAT,FR-022,normalize::tests::container_normalization_emits_expected_fields_and_relations;inspect_returns_the_scripted_node_and_refuses_an_unknown_id;uat_004_inspect_returns_the_normalised_node_and_names_what_is_missing,Machine-checkable: the fields are correct. "Details correct" in the UI is a human judgement.
UAT-005,UAT,FR-023,a_resource_declared_capability_set_is_a_ceiling;tests::a_forced_destructive_operation_reaches_the_provider;control_plane::a_finished_operation_is_persisted_with_its_terminal_state,Machine-checkable: the operation runs and the terminal state persists. Status updating in the UI is a human judgement.
UAT-006,UAT,FR-024,,GAP: FR-024 (read logs, cancellable follow) has no executable coverage at all.
UAT-007,UAT,FR-025,exec_returns_the_scripted_outcome;exec_output_is_capped_and_the_truncation_is_reported;uat_007_exec_output_is_bounded_and_the_bound_is_visible,Machine-checkable: output is bounded and returned. Audit linkage and "visible" are a human judgement.
UAT-008,UAT,FR-026,normalize::tests::image_prefers_digest_for_identity,Machine-checkable: identity by digest. Progress reporting and the UI are a human judgement.
UAT-009,UAT,FR-027,,GAP: in-use volume delete protection (FR-027) has no executable coverage.
UAT-010,UAT,FR-030,provider::tests::compose_containers_are_extracted_from_discovered_nodes;normalize::tests::compose_ids_are_stable_and_project_scoped;project::tests::a_node_without_compose_labels_is_not_compose;uat_010_compose_attribution_is_not_invented_for_a_standalone_container,Machine-checkable: the grouping is right. "Understand" is a human judgement.
UAT-011,UAT,FR-044,repo::tests::snapshot_manifest_round_trips;a_genuine_deletion_is_visible_before_it_is_applied;uat_011_a_visible_snapshot_names_only_objects_the_cas_can_serve,Machine-checkable: the snapshot is atomic and the manifest round-trips.
UAT-012,UAT,FR-044,resources::tests::upsert_reports_added_then_changed_then_quiet,Machine-checkable: added/changed is reported. The diff view itself is a human judgement.
UAT-013,UAT,FR-050,repo::tests::plugin_package_upsert_replaces_instead_of_conflicting;manifest::tests::accepts_valid_plugin_manifest;tests::initialising_before_loading_is_refused,
UAT-014,UAT,FR-052,hot_swap::tests::rollback_after_swap_restores_the_previous_generation;hot_swap::tests::drain_timeout_does_not_undo_a_healthy_swap;hot_swap_flow::a_failed_upgrade_never_takes_the_route_down,Machine-checkable: rollback works and the new generation is active. "No loss" needs a real deployment.
UAT-015,UAT,FR-066,tests::the_diagnostics_bundle_is_redacted_and_deterministic;redact::tests::url_userinfo_is_masked;uat_015_the_diagnostics_bundle_is_deterministic_and_secret_free,Machine-checkable: the bundle is deterministic and secret-free.
UAT-016,UAT,NFR-U01,,Not machine-checkable: default UI comprehensibility. There is no UI layer in this repo.
UAT-017,UAT,NFR-U02,tests::a_destructive_operation_without_force_is_refused_before_dispatch;control_plane::destroy_without_force_is_refused_and_audited_as_a_refusal;tests::force_never_reaches_the_wire_implicitly;tests::help_mentions_the_confirmation_requirement;uat_017_a_destructive_action_is_refused_then_audited_when_attempted,Machine-checkable: the refusal, the audit and the CLI wording about confirmation.
UAT-018,UAT,NFR-E02,endpoint::tests::parses_default_named_pipe_and_unix_socket;endpoint::tests::https_endpoint_is_accepted_and_marked_tls;endpoint::tests::cleartext_tcp_is_rejected_not_downgraded;uat_018_a_non_desktop_endpoint_is_addressable_and_classified,Machine-checkable: a non-Desktop endpoint can be addressed and classified.
UAT-019,UAT,FR-062,the_daemon_has_no_unrouted_methods;every_command_maps_to_a_declared_method;every_known_method_has_a_handler;an_unimplemented_method_says_so_explicitly;uat_019_cli_and_daemon_expose_the_same_method_set,Machine-checkable: CLI and daemon expose the same method set.
UAT-020,UAT,AC-07,verify::tests::license_outside_the_allow_list_is_rejected;error_codes::every_shipped_code_is_in_the_frozen_registry;uat_020_the_plugin_host_refuses_a_licence_outside_the_allow_list,scripts/license_gate.py is the enforcing gate; these tests cover the in-process half.
UAT-021,UAT,FR-070,values_serialise_in_sorted_domain_order;capabilities_are_ordered_and_never_speculate;the_health_domain_reports_mode_deadline_and_served_domains;capabilities_report_domains_per_mode;uat_021_the_same_domain_set_is_reported_every_time,Machine-checkable: the same domain set is reported consistently. "Same sections where supported" is a human judgement.
UAT-022,UAT,FR-076,tests::trust_ladder_orders_host_above_guest;freshness_uses_per_domain_limits;tests::snapshot_reports_missing_and_partial_domains;uat_022_trust_is_reported_and_never_rises_under_observation,Machine-checkable: trust and freshness are reported and ordered. "Understandable" is a human judgement.
UAT-023,UAT,FR-079,the_metadata_floor_stays_available_while_the_rich_mode_is_down;partial_coverage_keeps_the_domains_that_did_arrive;an_observation_failure_never_removes_the_resource;uat_023_an_unavailable_plane_reports_a_state_rather_than_raising,Machine-checkable: the resource stays visible with a reason and a fallback. "Clearly shown" is a human judgement.
