path,size_bytes,sha256
00_Package_Overview.docx,1370470,f5502cb0c09aa1996e5f62b675abfea0050051e82ad01c6730ba8bebe04fbeb1
01_Requirements_Definition.docx,1378856,29005cae14a5c590a80627de70bfc2b989ed7c01777109193cbc9c0a6e7e97fb
02_Nonfunctional_Requirements.docx,1328547,c17368f25bc5d944ba1280b2b9daf1dd2b0c333d34db2e6bc1d593862a494c8c
03_System_Architecture_Design.docx,1920574,62386a55ae56a93548d53e23ec04170b61c4f5b1bf65a1c9dd89939e8715ae11
04_Basic_Design.docx,1653024,6b9ecbe7920313e7767a12f67c3091c311ed902c648c8ed12d2ccfda3bbbecd8
05_Detailed_Design_Software.docx,1358781,167814bb481bf46f5c35dade39c356c766d420614d918ee99c399bc5d7082e29
06_Detailed_Design_Plugin_Provider.docx,1424486,0040e8f367f3445c353c2909bfc7602b6c74d884514f144d5de514776b9c2fec
07_Detailed_Design_Data_Interface.docx,1375910,f393809a25f80583cc15fca43817cba51ad398ff9d3a8d5460914474dc6b984f
08_Detailed_Design_Security_Operations.docx,1396986,a35bfb3f53e1f071b312d02279680db16b2410fecd8ef9741203ea733906232e
09_OSS_Rust_Technology_License_Baseline.docx,1327124,e1ba3d33f119623330fc4b5c1d195ea5f35e173a2798c9be73a67c70c3fffbd5
10_Requirements_Design_Traceability.docx,1326180,71230b2752b9a35c4afe27a7b774dcb8bb04bbd2265b2fe54e9ebacf02e9408c
11_Detailed_Design_Observation_Plane.docx,277278,2bd16ddb5cee82ede3d8f24188c87dc732832875d88c304dd63ca9f631219209
CHANGELOG_v1.1.md,600,ee771229d541b4dce8291945dbd4815f3896d2c51e22270c065d3aa5b271aee5
FILE_NAME_MAP_CN.txt,1412,e82ece1f99be8e161bbb6760ba2c5defb2ae13aec512fbb7e09543085adf203a
README.md,695,7c8c408308669cf1a0d59efd2f7666474a1e9e4479b21575c61bf7625732344c
diagrams/01_context.png,44716,e9483de5d966f09f1361635484179936772ce8a46d088f17befbf3574d51c962
diagrams/02_architecture.png,57655,712f4ac9060b0083e4806926a978de9ac9ea763696a5455660495c38750b4d12
diagrams/03_topology.png,56682,8b1d32596cfbbb163ee6cf17668a616c6c801b0f34cc3e92640f9f576d7f2ca8
diagrams/04_plugin_cluster.png,48504,3fb2377c5f988a2156f3b93451a176e3602895bf76e3a5dac20997af7d049bde
diagrams/05_hotswap.png,44947,82b6bcee2dcf0691c02c76ac0073b51ba8a82eb86ddf7df54286b7aaf64793fe
diagrams/06_docker_sequence.png,32186,4c20b12603a3c3a07d7cc13d593fdd77dcc7cff0de87aab9c1255a472017a6ef
diagrams/07_sandbox_state.png,47105,1117f58901b2005413cfd0650da668390e0a8a43d1d6620f42312a1d02293f5b
diagrams/08_data_erd.png,52016,b1dd484595051c5c66934b1700b03a96e1579890424c4e54e09b98a7a493a6d1
diagrams/09_deployment.png,54732,235e021f85bd30fae03ffb715494be006805a8e706ce36a7c3e41911bfa9e977
diagrams/10_security.png,37086,da90517e46d0f24efd3bd05782f3f1c76c71301aa8542777abde425c648694d4
diagrams/11_test_arch.png,40151,2defd4516f35bb1ca5ffa61df2b961a10068c464006077faad93f28fb6ed9da2
diagrams/docker_in_sandbox.dot,541,175c2e3b59f072fb41ded76581f0066b0a26d2cbf8de632a0502f9ee215cc57b
diagrams/docker_in_sandbox.png,21056,046a9c82bf465a12a521e88c759d822bfe9062f2f3e3a34f110946d1d4b00436
diagrams/observation_planes.dot,1040,0ad87be311f801e878c231c3d8c9e846010b5150124415246ea8d50e524b20aa
diagrams/observation_planes.png,52430,a8da837881e5b2b1a91e7812d429c41e1601a7294f4b40e09c12e4f9708e15b6
diagrams/observation_strategy.dot,1078,34070b041871a961cda6c2115b33eff2f8bafefcea1c503e89abcec6001a08cf
diagrams/observation_strategy.png,73680,070d5afce3e1da6ae5bcca7a9f2bfcca6fa83f296403464360271edb901cf1c7
diagrams/provenance_trust.dot,694,ae0e85458e54682fed7cc591b3957db4a323453d51cb9f77ad87c0c023edab8e
diagrams/provenance_trust.png,33557,f16a11f81065df6997a61b0c605bd09b5cf2a26e0a318466e0fa0e3ee2540441
diagrams/windows_probe.dot,951,a1a8bf2e338e8eda35a6b66553e4fa5e5789a81d0dc2d9017062c215cce39066
diagrams/windows_probe.png,53818,042fdd2b8a774d4877409d0293839830c82918c6cbe205d851a0bab1b0791d20
schemas/001_init.sql,3012,8dcd85871e6d914d0b0222f445af24940e94f4e6da0e25b3308ad09fc67a5dcc
schemas/app_manifest_v1.schema.json,948,e2f9ea7be638fe4bc7bf220be966bc46334f34cd875df0bce1205f7763dece19
schemas/deny.toml,353,f41198648839b4c5741ab59aba2644000fdc967bbf9796ab36c2277af6e97bed
schemas/error_codes.csv,667,67c0e91ab475ebc5646ad5d9e4eb39b57d774bf0d8a1775e51087cb7ea05f743
schemas/example_desktop_app.toml,676,f279e379f4de6629c21ea65a9ae2591fa63d5bd378aa0b9e3549a0e0d4965881
schemas/observation_error_codes.csv,709,d3047fa840e9b1e9b11841c7c96aabe0f39c74d234e1ab729699f005ea4eab05
schemas/observation_provider_matrix.csv,684,e6ae83768b2e614b4b71c34f0a92116c928cacf19186cefe16fd21fda52d1752
schemas/observation_snapshot_v1.schema.json,1382,d6eeac6de568325341b667896c2fde6330f5c439283e6c1138068c42a42a3ae1
schemas/plugin_manifest_v1.schema.json,984,15cf247e97429d651cf721d9c60e4daf9f3d669c1d419a67b8ed4595dc91d1ac
schemas/sandtree_observation_v1.wit,987,6f4eccec53c2c7711881e970e6815b1db7f88240953e66ff6d1581af5b97dc3f
schemas/sandtree_provider_v1.wit,853,d5e995cb0c5adc759eab1fc173a4919e3c9cf00c95edf7d1a4385a9ef1d4ff40
schemas/technology_baseline.csv,1564,d8aa7c0aec0e98b55bf2339baba491b6686f6a24749ab4b0277b20013e0f4e16
schemas/windows_probe_protocol_v1.md,1230,db96be0782a5c413b96cfb07e39d8b2faa88faf566d16623d24e834da8409d5f
schemas/workspace_uri_v1.md,576,3715befb39b382bc6e9550e4ba9acf6a8e4d61431688b5d3104eac4c8a0a26e4
sources/01_context.dot,690,a0f226b024e65a2c28c136e38e88fa28477fed049f95edc28353bf3591282cc6
sources/02_architecture.dot,875,02ec6e644c7fbba5d9e4626ec9ff6809d1884c2534a4548274224679a9526071
sources/03_topology.dot,720,38309dff0603d7d7385f204ce8deb365dfbdbb157bcb1759de75ca3e7ed05966
sources/04_plugin_cluster.dot,735,d37f0d7d67fa8d924031c2fdf00f551aefab721e46f99aad69a38eb0170feeba
sources/05_hotswap.dot,799,a3e4d17239c054f162bbb7d746f74f90e520fac860689a15183998b4b4d6c08d
sources/06_docker_sequence.dot,597,dbf4a2fd3f73e11203bc560fa1d204f58d2398780f020c19ccbe7c86abf40e52
sources/07_sandbox_state.dot,739,f69ac4196d0810edde75ecb8112a0e86060da3af6fcb40927dfe2fd119baa67a
sources/08_data_erd.dot,894,fb6c5b4445d070472feb44b92ff663928348ffcd45c1b111f561d180a9925203
sources/09_deployment.dot,782,89fd03b158380fe599a340fecc3d713fc69c1645b2a723825c8cc64447af2f3a
sources/10_security.dot,728,8da0ec3b694f91d079c4cf76598501b7a411928ef7e770790119c4a0fec720ce
sources/11_test_arch.dot,586,7e0ae59bfef50edffb74d071f278adf5a34152bb935d0c705fc70f96c2c69537
tests/00_Overall_Test_Plan.docx,1364582,36e53a0fe02592093e041d406ad3ed1b0795ab0dcb999a614eaff537db794fd9
tests/01_UT_Unit_Test_Design.docx,1325157,8475c3d5caffc6d689224ecaf65c7994bf718d58b3e26edf4b066d083d878b67
tests/02_IT_Integration_Test_Design.docx,1325174,891f18fb506adecec7140d0eb72f655e7f7e9c38ca8e6bbd35c0c7fc6804a008
tests/03_ST_System_Test_Design.docx,1325197,2a4fd4ca3c26302e4c946382271851a743746f13f7ece94e86fa764fcf39926e
tests/04_UAT_Acceptance_Test_Design.docx,1325150,baa6cf56ca3cd9f7381d55e75b94b50fbceef6f79533be309971be0edeb2f035
tests/SandTree_Test_Cases_v1.1.xlsx,35874,c29dd580eeaa947c6d4b904a3477b2a97d286dfbe7572b544aa9cf234eda7511
tests/test_cases.json,57787,76904d7e7e1179689dd0ff61711aad54a890d2eeb21feedb8b05cfcb4cefec3e
traceability/functional_requirements.csv,9274,aafefa32284308c82313e8f40f6eafea7a31e5afff6d51f4137c55dc8d802349
traceability/nonfunctional_requirements.csv,4671,ef84e64992d5dd0414341043d0e10707d03a539a3d2abbfb868ddcaca530fdbe
traceability/requirements_to_tests.csv,4112,53607a5405ef51982d38104ccf17b688f454c467a6dc54e068d965b5f84439ff
